document_count,unique_terms,total_postings,build_time_uncompressed_sec,build_time_compressed_sec,size_uncompressed_bytes,size_compressed_bytes,size_uncompressed_kb,size_compressed_kb,memory_saving_percent,compression_ratio,avg_search_time_uncompressed_sec,avg_search_time_compressed_sec,search_results_equal,rector_spbu_results_count,rector_msu_results_count
100,29,1028,0.0026467000134289265,0.003132399986498058,4420,689,4.31640625,0.6728515625,84.41176470588235,0.15588235294117647,1.462299982085824e-05,8.371499995701014e-05,True,10,7
500,29,5186,0.013516100007109344,0.01633190002758056,21052,2173,20.55859375,2.1220703125,89.67794033821015,0.10322059661789854,2.2488600108772515e-05,0.00044031520001590254,True,50,34
1000,29,10220,0.022280899924226105,0.03130230004899204,41188,4009,40.22265625,3.9150390625,90.2665824997572,0.09733417500242789,4.437260003760457e-05,0.0008700664001516998,True,100,67
5000,29,50918,0.1365858999779448,0.16539350000675768,203980,18767,199.19921875,18.3271484375,90.79958819492107,0.0920041180507893,0.00014920639991760254,0.005906299400143325,True,500,334
10000,29,101702,0.5111062999349087,0.541861500008963,407116,37206,397.57421875,36.333984375,90.86108136256006,0.09138918637439944,0.00045541279995813964,0.017536916999844835,True,1000,667
40000,29,405779,1.7275762000354007,2.3589928000001237,1623424,147711,1585.375,144.2490234375,90.90126793739651,0.09098732062603485,0.0019929951999802143,0.0684771066000685,True,4000,2667
